Wavelength (nm),Averaged
1085.21,0.000735215
1085.206,0.000738963
1085.202,0.000708573
1085.198,0.000753258
1085.194,0.000745851
1085.19,0.00074254
1085.186,0.000749135
1085.182,0.000761939
1085.178,0.000765016
1085.174,0.000757955
1085.17,0.000776218
1085.166,0.000777367
1085.162,0.000786721
1085.158,0.000792039
1085.154,0.000813167
1085.15,0.000819188
1085.146,0.000814105
1085.142,0.000830514
1085.138,0.00083854
1085.134,0.00084739
1085.13,0.000855221
1085.126,0.000860634
1085.122,0.000870059
1085.118,0.000869348
1085.114,0.00087797
1085.11,0.000885355
1085.106,0.000901564
1085.102,0.000901596
1085.098,0.00091736
1085.094,0.00089287
1085.09,0.000917094
1085.086,0.000929148
1085.082,0.000937911
1085.078,0.000937489
1085.074,0.000957221
1085.07,0.000975231
1085.066,0.00098108
1085.062,0.000997351
1085.058,0.001000113
1085.054,0.001007027
1085.05,0.001017972
1085.046,0.001037843
1085.042,0.001030391
1085.038,0.001037138
1085.034,0.001066855
1085.03,0.001065627
1085.026,0.001064341
1085.022,0.00109153
1085.018,0.00107792
1085.014,0.00107271
1085.01,0.001096008
1085.006,0.001099458
1085.002,0.001124843
1084.998,0.00112838
1084.994,0.001145544
1084.99,0.001153625
1084.986,0.001169432
1084.982,0.00117671
1084.978,0.001187512
1084.974,0.001215382
1084.97,0.001230251
1084.966,0.001248946
1084.962,0.001248445
1084.958,0.001251053
1084.954,0.001253577
1084.95,0.001269253
1084.946,0.001301177
1084.942,0.001295515
1084.938,0.001306447
1084.934,0.001326949
1084.93,0.001324438
1084.926,0.001338296
1084.922,0.001346939
1084.918,0.001384139
1084.914,0.001388223
1084.91,0.001403639
1084.906,0.001411801
1084.902,0.001424152
1084.898,0.001442366
1084.894,0.001455279
1084.89,0.001468179
1084.886,0.001480432
1084.882,0.001494687
1084.878,0.001514137
1084.874,0.001533749
1084.87,0.001531726
1084.866,0.001550774
1084.862,0.00155873
1084.858,0.001582496
1084.854,0.001596318
1084.85,0.001599164
1084.846,0.001617255
1084.842,0.001642134
1084.838,0.001655254
1084.834,0.001685753
1084.83,0.001692084
1084.826,0.001735107
1084.822,0.001737177
1084.818,0.001768553
1084.814,0.001782425
1084.81,0.001818768
1084.806,0.001841859
1084.802,0.001847122
1084.798,0.001869334
1084.794,0.001881098
1084.79,0.001883771
1084.786,0.00189845
1084.782,0.001909682
1084.778,0.001939226
1084.774,0.00194728
1084.77,0.001962937
1084.766,0.00199844
1084.762,0.002013545
1084.758,0.002045936
1084.754,0.002069779
1084.75,0.002081983
1084.746,0.002105976
1084.742,0.00212806
1084.738,0.002173402
1084.734,0.0022
1084.73,0.002221794
1084.726,0.00224341
1084.722,0.002266031
1084.718,0.002291444
1084.714,0.002312291
1084.71,0.00233065
1084.706,0.002367705
1084.702,0.002376676
1084.698,0.002393984
1084.694,0.002427972
1084.69,0.002463948
1084.686,0.002487042
1084.682,0.002497598
1084.678,0.00254215
1084.674,0.002552639
1084.67,0.002600967
1084.666,0.00264628
1084.662,0.00267906
1084.658,0.002711845
1084.654,0.00274366
1084.65,0.002773313
1084.646,0.002824767
1084.642,0.00284655
1084.638,0.002875038
1084.634,0.002892717
1084.63,0.002934703
1084.626,0.00294405
1084.622,0.00296315
1084.618,0.00301027
1084.614,0.003029258
1084.61,0.003068347
1084.606,0.00311647
1084.602,0.003136206
1084.598,0.003175818
1084.594,0.003230109
1084.59,0.00328404
1084.586,0.003317684
1084.582,0.003374967
1084.578,0.003425065
1084.574,0.003469653
1084.57,0.003529904
1084.566,0.003570227
1084.562,0.003618468
1084.558,0.003649545
1084.554,0.003674781
1084.55,0.003687674
1084.546,0.003757772
1084.542,0.00376568
1084.538,0.0038112
1084.534,0.00388729
1084.53,0.003918499
1084.526,0.003969534
1084.522,0.00402577
1084.518,0.004081446
1084.514,0.004132692
1084.51,0.004172425
1084.506,0.004256079
1084.502,0.004312351
1084.498,0.004357945
1084.494,0.00442251
1084.49,0.004526202
1084.486,0.004569309
1084.482,0.004627985
1084.478,0.004694127
1084.474,0.004722561
1084.47,0.004774499
1084.466,0.004843138
1084.462,0.00486471
1084.458,0.004921003
1084.454,0.004989103
1084.45,0.00503118
1084.446,0.005105757
1084.442,0.005131347
1084.438,0.00522102
1084.434,0.005329097
1084.43,0.005402642
1084.426,0.005500184
1084.422,0.005572556
1084.418,0.00569479
1084.414,0.00576375
1084.41,0.005866225
1084.406,0.005967257
1084.402,0.006038426
1084.398,0.006110256
1084.394,0.006160313
1084.39,0.00624204
1084.386,0.006299151
1084.382,0.006401943
1084.378,0.006461011
1084.374,0.006566751
1084.37,0.006627918
1084.366,0.0067046
1084.362,0.006811816
1084.358,0.006918935
1084.354,0.00703528
1084.35,0.007149634
1084.346,0.007272899
1084.342,0.00738106
1084.338,0.007490928
1084.334,0.00760765
1084.33,0.007778906
1084.326,0.007903447
1084.322,0.008006013
1084.318,0.008112313
1084.314,0.008186308
1084.31,0.008305605
1084.306,0.008411209
1084.302,0.008495363
1084.298,0.00861683
1084.294,0.00875021
1084.29,0.008923528
1084.286,0.00902686
1084.282,0.009146756
1084.278,0.00934198
1084.274,0.009442241
1084.27,0.009656986
1084.266,0.009868341
1084.262,0.010000147
1084.258,0.010168625
1084.254,0.010342406
1084.25,0.010594277
1084.246,0.010755148
1084.242,0.010888239
1084.238,0.011082978
1084.234,0.011230582
1084.23,0.011347311
1084.226,0.011578647
1084.222,0.011665745
1084.218,0.011840562
1084.214,0.012007865
1084.21,0.012180302
1084.206,0.012396958
1084.202,0.012546239
1084.198,0.0127829
1084.194,0.013058932
1084.19,0.013297078
1084.186,0.013565405
1084.182,0.013760891
1084.178,0.014030246
1084.174,0.01431687
1084.17,0.014624176
1084.166,0.01494242
1084.162,0.015091796
1084.158,0.015407299
1084.154,0.015652778
1084.15,0.015877761
1084.146,0.016215019
1084.142,0.016428682
1084.138,0.016681583
1084.134,0.01695559
1084.13,0.01723008
1084.126,0.017561663
1084.122,0.01788847
1084.118,0.018186354
1084.114,0.018593585
1084.11,0.018895031
1084.106,0.019368362
1084.102,0.019727212
1084.098,0.020102212
1084.094,0.020622382
1084.09,0.021024907
1084.086,0.021437525
1084.082,0.021819658
1084.078,0.022180948
1084.074,0.022605812
1084.07,0.02284101
1084.066,0.023176757
1084.062,0.023561217
1084.058,0.024058535
1084.054,0.024502162
1084.05,0.024941813
1084.046,0.025334733
1084.042,0.025977142
1084.038,0.02661465
1084.034,0.027131425
1084.03,0.027623442
1084.026,0.028424141
1084.022,0.029047222
1084.018,0.029642959
1084.014,0.030395527
1084.01,0.030990775
1084.006,0.03162207
1084.002,0.03226117
1083.998,0.032937352
1083.994,0.03366234
1083.99,0.034189987
1083.986,0.034788329
1083.982,0.0355207
1083.978,0.036300741
1083.974,0.037024019
1083.97,0.037733283
1083.966,0.038358182
1083.962,0.039351916
1083.958,0.040237135
1083.954,0.041306075
1083.95,0.042158876
1083.946,0.043226683
1083.942,0.04424956
1083.938,0.045399658
1083.934,0.046638198
1083.93,0.04745071
1083.926,0.048608645
1083.922,0.049729714
1083.918,0.050640201
1083.914,0.051808757
1083.91,0.052612014
1083.906,0.053895951
1083.902,0.055183457
1083.898,0.056236863
1083.894,0.05750091
1083.89,0.05910841
1083.886,0.060434446
1083.882,0.062017945
1083.878,0.063301187
1083.874,0.06541718
1083.87,0.067090688
1083.866,0.068682239
1083.862,0.070692871
1083.858,0.072236049
1083.854,0.07408669
1083.85,0.076261637
1083.846,0.07800227
1083.842,0.080154087
1083.838,0.081454449
1083.834,0.083331402
1083.83,0.085226989
1083.826,0.087458206
1083.822,0.089868816
1083.818,0.091331083
1083.814,0.093796237
1083.81,0.096505722
1083.806,0.099020733
1083.802,0.10226676
1083.798,0.10419818
1083.794,0.1074489
1083.79,0.11044939
1083.786,0.11352908
1083.782,0.11681627
1083.778,0.11934835
1083.774,0.12300241
1083.77,0.12619012
1083.766,0.12975032
1083.762,0.13390703
1083.758,0.13652436
1083.754,0.13981099
1083.75,0.14387527
1083.746,0.14770203
1083.742,0.1515144
1083.738,0.15580221
1083.734,0.15927093
1083.73,0.1632028
1083.726,0.16881569
1083.722,0.17357406
1083.718,0.17809088
1083.714,0.18345372
1083.71,0.1891015
1083.706,0.19465615
1083.702,0.20061616
1083.698,0.20601069
1083.694,0.2115678
1083.69,0.21841315
1083.686,0.22316719
1083.682,0.22888557
1083.678,0.2346398
1083.674,0.24046153
1083.67,0.24775934
1083.666,0.25292928
1083.662,0.26013549
1083.658,0.26690704
1083.654,0.27317681
1083.65,0.28310472
1083.646,0.29009686
1083.642,0.29821399
1083.638,0.3066933
1083.634,0.31564736
1083.63,0.32476633
1083.626,0.33359994
1083.622,0.34239897
1083.618,0.35258411
1083.614,0.36432773
1083.61,0.3732648
1083.606,0.38188224
1083.602,0.39173143
1083.598,0.40169552
1083.594,0.41127737
1083.59,0.4212757
1083.586,0.43169009
1083.582,0.44126271
1083.578,0.45006345
1083.574,0.46099617
1083.57,0.474496
1083.566,0.48333964
1083.562,0.49451968
1083.558,0.50742473
1083.554,0.51896302
1083.55,0.53430285
1083.546,0.5450853
1083.542,0.55778539
1083.538,0.57101805
1083.534,0.58575093
1083.53,0.5966381
1083.526,0.60649014
1083.522,0.6154205
1083.518,0.62485331
1083.514,0.63485863
1083.51,0.64824033
1083.506,0.65534712
1083.502,0.66561236
1083.498,0.6779949
1083.494,0.68833618
1083.49,0.6987738
1083.486,0.71097507
1083.482,0.7244634
1083.478,0.73780689
1083.474,0.74948269
1083.47,0.76130957
1083.466,0.76891809
1083.462,0.78156638
1083.458,0.79319895
1083.454,0.80162291
1083.45,0.80593276
1083.446,0.81469804
1083.442,0.82181987
1083.438,0.82888795
1083.434,0.83419795
1083.43,0.8428036
1083.426,0.85166491
1083.422,0.85575968
1083.418,0.85984675
1083.414,0.86347628
1083.41,0.87067603
1083.406,0.8797094
1083.402,0.8850707
1083.398,0.89050517
1083.394,0.89693252
1083.39,0.8997731
1083.386,0.90279601
1083.382,0.90942758
1083.378,0.91110778
1083.374,0.91255013
1083.37,0.91671694
1083.366,0.91708861
1083.362,0.92055278
1083.358,0.92112814
1083.354,0.9238325
1083.35,0.92785684
1083.346,0.92650574
1083.342,0.9274607
1083.338,0.92884198
1083.334,0.93068359
1083.33,0.93406624
1083.326,0.93733879
1083.322,0.94051761
1083.318,0.94005623
1083.314,0.94249951
1083.31,0.94091509
1083.306,0.9398644
1083.302,0.94180811
1083.298,0.94329488
1083.294,0.9389012
1083.29,0.93870537
1083.286,0.93776722
1083.282,0.93776445
1083.278,0.9345754
1083.274,0.93482103
1083.27,0.9385291
1083.266,0.93689084
1083.262,0.94016186
1083.258,0.9389084
1083.254,0.93951934
1083.25,0.93785999
1083.246,0.93596147
1083.242,0.93820967
1083.238,0.9332381
1083.234,0.92876139
1083.23,0.92598641
1083.226,0.92612572
1083.222,0.92623598
1083.218,0.92610907
1083.214,0.92749627
1083.21,0.92463349
1083.206,0.92689381
1083.202,0.92501944
1083.198,0.92194558
1083.194,0.92669241
1083.19,0.92439564
1083.186,0.92130025
1083.182,0.92255628
1083.178,0.92184401
1083.174,0.91971846
1083.17,0.91987871
1083.166,0.9143522
1083.162,0.91258834
1083.158,0.90585379
1083.154,0.89875888
1083.15,0.89555967
1083.146,0.89389641
1083.142,0.89268645
1083.138,0.88817079
1083.134,0.8833362
1083.13,0.87862257
1083.126,0.87501345
1083.122,0.869223
1083.118,0.87000584
1083.114,0.86280395
1083.11,0.86405665
1083.106,0.86064779
1083.102,0.85492777
1083.098,0.85063436
1083.094,0.84667176
1083.09,0.84045921
1083.086,0.83268037
1083.082,0.82426011
1083.078,0.81858591
1083.074,0.8093321
1083.07,0.799742
1083.066,0.79007736
1083.062,0.78127156
1083.058,0.77387497
1083.054,0.76492288
1083.05,0.75475191
1083.046,0.74784516
1083.042,0.73902682
1083.038,0.73512198
1083.034,0.72716566
1083.03,0.72067679
1083.026,0.71383552
1083.022,0.70231365
1083.018,0.69244299
1083.014,0.68111438
1083.01,0.67048237
1083.006,0.66169715
1083.002,0.64898231
1082.998,0.63831064
1082.994,0.62388432
1082.99,0.60954294
1082.986,0.60027026
1082.982,0.58979802
1082.978,0.575217
1082.974,0.56615475
1082.97,0.55410401
1082.966,0.54312634
1082.962,0.5325621
1082.958,0.52198236
1082.954,0.5147018
1082.95,0.50536882
1082.946,0.49478408
1082.942,0.48684008
1082.938,0.47649277
1082.934,0.4684706
1082.93,0.45985781
1082.926,0.44854813
1082.922,0.43662332
1082.918,0.42491792
1082.914,0.41384137
1082.91,0.402359
1082.906,0.39059303
1082.902,0.38076
1082.898,0.37049526
1082.894,0.36061804
1082.89,0.350618
1082.886,0.33916461
1082.882,0.33345092
1082.878,0.32595098
1082.874,0.31905768
1082.87,0.31238691
1082.866,0.3042198
1082.862,0.29889722
1082.858,0.29202022
1082.854,0.28503282
1082.85,0.2781333
1082.846,0.26884509
1082.842,0.263968
1082.838,0.254899
1082.834,0.24507054
1082.83,0.23892614
1082.826,0.23141921
1082.822,0.22307268
1082.818,0.21779235
1082.814,0.21059066
1082.81,0.20566434
1082.806,0.2003298
1082.802,0.1953374
1082.798,0.19019863
1082.794,0.18599336
1082.79,0.18257766
1082.786,0.17802389
1082.782,0.17453321
1082.778,0.17001423
1082.774,0.16575459
1082.77,0.1618676
1082.766,0.15783237
1082.762,0.15206238
1082.758,0.14797669
1082.754,0.14340946
1082.75,0.13962757
1082.746,0.13461048
1082.742,0.12975552
1082.738,0.12631688
1082.734,0.1223734
1082.73,0.11941972
1082.726,0.11633815
1082.722,0.11297347
1082.718,0.11117471
1082.714,0.1091783
1082.71,0.10663413
1082.706,0.10464321
1082.702,0.10292576
1082.698,0.10042917
1082.694,0.09783116
1082.69,0.095209413
1082.686,0.092432504
1082.682,0.089784612
1082.678,0.086767435
1082.674,0.0845575
1082.67,0.0818436
1082.666,0.07972799
1082.662,0.077344974
1082.658,0.075305621
1082.654,0.073208956
1082.65,0.071290798
1082.646,0.069889601
1082.642,0.068508244
1082.638,0.067222031
1082.634,0.066073023
1082.63,0.064874202
1082.626,0.063705367
1082.622,0.062465749
1082.618,0.06105588
1082.614,0.059882123
1082.61,0.058242934
1082.606,0.056715572
1082.602,0.054924958
1082.598,0.053275874
1082.594,0.051979202
1082.59,0.050632732
1082.586,0.049391403
1082.582,0.0479512
1082.578,0.04661364
1082.574,0.045706375
1082.57,0.044602419
1082.566,0.043472312
1082.562,0.04316847
1082.558,0.042354247
1082.554,0.041623444
1082.55,0.040838361
1082.546,0.040023356
1082.542,0.03959732
1082.538,0.038782765
1082.534,0.037750646
1082.53,0.03698756
1082.526,0.035991866
1082.522,0.035269588
1082.518,0.034323539
1082.514,0.033485518
1082.51,0.032450279
1082.506,0.031614284
1082.502,0.030907348
1082.498,0.030196666
1082.494,0.02947062
1082.49,0.02917912
1082.486,0.028713363
1082.482,0.028326594
1082.478,0.02791899
1082.474,0.027476766
1082.47,0.026977757
1082.466,0.026571125
1082.462,0.026173138
1082.458,0.025585075
1082.454,0.024963342
1082.45,0.024586742
1082.446,0.02387836
1082.442,0.023329623
1082.438,0.02289723
1082.434,0.022294758
1082.43,0.021761715
1082.426,0.021260529
1082.422,0.020716468
1082.418,0.0203561
1082.414,0.020030693
1082.41,0.019649914
1082.406,0.019349815
1082.402,0.019104698
1082.398,0.018916213
1082.394,0.018661993
1082.39,0.018409546
1082.386,0.018211559
1082.382,0.01784765
1082.378,0.017587709
1082.374,0.017233973
1082.37,0.016800256
1082.366,0.016453787
1082.362,0.016069201
1082.358,0.01565838
1082.354,0.015364345
1082.35,0.014979115
1082.346,0.014661002
1082.342,0.014406451
1082.338,0.014151493
1082.334,0.013881279
1082.33,0.013651636
1082.326,0.013528146
1082.322,0.013369106
1082.318,0.01323493
1082.314,0.013070175
1082.31,0.012905511
1082.306,0.012747818
1082.302,0.012602657
1082.298,0.012352996
1082.294,0.012162977
1082.29,0.011912014
1082.286,0.01165063
1082.282,0.011378325
1082.278,0.011109145
1082.274,0.010909418
1082.27,0.01071819
1082.266,0.010450812
1082.262,0.010302674
1082.258,0.010098206
1082.254,0.009975236
1082.25,0.00989093
1082.246,0.009741492
1082.242,0.009657973
1082.238,0.009570859
1082.234,0.009457811
1082.23,0.009338614
1082.226,0.009237695
1082.222,0.009178407
1082.218,0.009020398
1082.214,0.008817203
1082.21,0.00869619
1082.206,0.008489479
1082.202,0.00835273
1082.198,0.00817025
1082.194,0.008015156
1082.19,0.007867437
1082.186,0.007726689
1082.182,0.007594008
1082.178,0.00743932
1082.174,0.00736208
1082.17,0.007298343
1082.166,0.007201827
1082.162,0.007147878
1082.158,0.00708384
1082.154,0.006986832
1082.15,0.006948752
1082.146,0.006888796
1082.142,0.006796981
1082.138,0.006719223
1082.134,0.006629733
1082.13,0.006501352
1082.126,0.006348584
1082.122,0.006247571
1082.118,0.006137866
1082.114,0.006011678
1082.11,0.005872312
1082.106,0.00579665
1082.102,0.005691156
1082.098,0.005609971
1082.094,0.005540817
1082.09,0.005471405
1082.086,0.005450354
1082.082,0.005382207
1082.078,0.005358803
1082.074,0.005328366
1082.07,0.00527907
1082.066,0.005226732
1082.062,0.00516709
1082.058,0.005066115
1082.054,0.005011389
1082.05,0.00492726
1082.046,0.004846222
1082.042,0.004760286
1082.038,0.004649046
1082.034,0.004624377
1082.03,0.004509236
1082.026,0.004419128
1082.022,0.004351553
1082.018,0.004304602
1082.014,0.004228185
1082.01,0.00419635
1082.006,0.004157285
1082.002,0.004115906
1081.998,0.004111897
1081.994,0.00408014
1081.99,0.004074356
1081.986,0.004023526
1081.982,0.00399333
1081.978,0.003931703
1081.974,0.003872557
1081.97,0.00383299
1081.966,0.003736887
1081.962,0.003667807
1081.958,0.00361352
1081.954,0.003531485
1081.95,0.00349665
1081.946,0.00343694
1081.942,0.003381281
1081.938,0.003347945
1081.934,0.003307653
1081.93,0.003279413
1081.926,0.003254584
1081.922,0.00322312
1081.918,0.003215502
1081.914,0.003163132
1081.91,0.003159315
1081.906,0.003140426
1081.902,0.00309131
1081.898,0.003068984
1081.894,0.003032689
1081.89,0.002977558
1081.886,0.002956808
1081.882,0.002901618
1081.878,0.002828473
1081.874,0.002777594
1081.87,0.00274776
1081.866,0.002707074
1081.862,0.002691941
1081.858,0.002632649
1081.854,0.0025943
1081.85,0.00259154
1081.846,0.0025567
1081.842,0.002552611
1081.838,0.0025412
1081.834,0.002524847
1081.83,0.002501259
1081.826,0.002477943
1081.822,0.002475795
1081.818,0.002447728
1081.814,0.002416748
1081.81,0.002380607
1081.806,0.002330929
1081.802,0.002311266
1081.798,0.002264391
1081.794,0.00220888
1081.79,0.00219501
1081.786,0.00215824
1081.782,0.002123275
1081.778,0.002104042
1081.774,0.002080654
1081.77,0.002069176
1081.766,0.002056318
1081.762,0.00204873
1081.758,0.002027693
1081.754,0.002029496
1081.75,0.00201412
1081.746,0.00200304
1081.742,0.001986845
1081.738,0.001971607
1081.734,0.001930029
1081.73,0.001914629
1081.726,0.001872785
1081.722,0.001851641
1081.718,0.001815848
1081.714,0.001789982
1081.71,0.001772297
1081.706,0.00175027
1081.702,0.001723838
1081.698,0.00171082
1081.694,0.001696749
1081.69,0.001687834
1081.686,0.001665743
1081.682,0.001650158
1081.678,0.001643937
1081.674,0.001638813
1081.67,0.001622492
1081.666,0.001630457
1081.662,0.001609311
1081.658,0.00160512
1081.654,0.001578281
1081.65,0.001562662
1081.646,0.001527085
1081.642,0.00149627
1081.638,0.001477154
1081.634,0.001470045
1081.63,0.001441687
1081.626,0.001434341
1081.622,0.001427498
1081.618,0.001389352
1081.614,0.001383243
1081.61,0.001368324
1081.606,0.00136956
1081.602,0.001356413
1081.598,0.001359967
1081.594,0.001345662
1081.59,0.001347344
1081.586,0.00133663
1081.582,0.001303936
1081.578,0.001305675
1081.574,0.00129364
1081.57,0.001272448
1081.566,0.001251529
1081.562,0.001244265
1081.558,0.001231177
1081.554,0.001200175
1081.55,0.001191688
1081.546,0.001165101
1081.542,0.001161415
1081.538,0.001142295
1081.534,0.00113441
1081.53,0.001146244
1081.526,0.001130774
1081.522,0.001122138
1081.518,0.001120442
1081.514,0.001115459
1081.51,0.001095534
1081.506,0.001114072
1081.502,0.001099009
1081.498,0.001081493
1081.494,0.00107432
1081.49,0.001051483
1081.486,0.00103406
1081.482,0.00102801
1081.478,0.001021156
1081.474,0.000997265
1081.47,0.000987797
1081.466,0.00099295
1081.462,0.00097187
1081.458,0.000952991
1081.454,0.000945803
1081.45,0.000944286
1081.446,0.0009406
1081.442,0.000947764
1081.438,0.000951441
1081.434,0.000934437
1081.43,0.000934498
1081.426,0.000930675
1081.422,0.000915637
1081.418,0.00089504
1081.414,0.000902364
1081.41,0.00088933
1081.406,0.000867125
1081.402,0.000867247
1081.398,0.000843433
1081.394,0.000830819
1081.39,0.000824229
1081.386,0.000833733
1081.382,0.000812014
1081.378,0.000807324
1081.374,0.000786258
1081.37,0.000790751
1081.366,0.000791106
1081.362,0.000796946
1081.358,0.000786296
1081.354,0.00077603
1081.35,0.00077662
1081.346,0.000781764
1081.342,0.000767454
1081.338,0.0007692
1081.334,0.000764642
1081.33,0.000748104
1081.326,0.00072896
1081.322,0.000731288
1081.318,0.000717717
1081.314,0.000698162
1081.31,0.000688834
1081.306,0.000696276
1081.302,0.000683044
1081.298,0.000688878
1081.294,0.00068227
1081.29,0.000668755
1081.286,0.000676502
1081.282,0.000654523
1081.278,0.000661458
1081.274,0.00065863
1081.27,0.000666882
1081.266,0.000669919
1081.262,0.000663292
1081.258,0.000633399
1081.254,0.000649372
1081.25,0.00063508
1081.246,0.000630002
1081.242,0.00061771
1081.238,0.000609483
1081.234,0.000598893
1081.23,0.000586242
1081.226,0.000583707
1081.222,0.000585662
1081.218,0.00057475
1081.214,0.000578103
1081.21,0.000577261
1081.206,0.000567136
1081.202,0.000556239
1081.198,0.000565052
1081.194,0.000570831
1081.19,0.000562228
1081.186,0.000562934
1081.182,0.000566488
1081.178,0.000553799
1081.174,0.000554754
1081.17,0.000544715
1081.166,0.000541068
1081.162,0.000523911
1081.158,0.00053114
1081.154,0.000508928
1081.15,0.000510029
1081.146,0.000490063
1081.142,0.000485829
1081.138,0.000498148
1081.134,0.00049918
1081.13,0.000489264
1081.126,0.0004854
1081.122,0.000492411
1081.118,0.000512944
1081.114,0.00048182
1081.11,0.000484071
1081.106,0.000478948
1081.102,0.00047926
1081.098,0.000482225
1081.094,0.00047719
1081.09,0.000456957
1081.086,0.000469804
1081.082,0.000456747
1081.078,0.000449306
1081.074,0.000441885
1081.07,0.000437873
1081.066,0.000431661
1081.062,0.00043896
1081.058,0.0004271
1081.054,0.000426056
1081.05,0.000418191
1081.046,0.000420344
1081.042,0.000435675
1081.038,0.00041436
1081.034,0.00040856
1081.03,0.000416468
1081.026,0.000407361
1081.022,0.000417276
1081.018,0.00040852
1081.014,0.000416833
1081.01,0.000399622
1081.006,0.000390633
1081.002,0.00038447
1080.998,0.000384518
1080.994,0.000374167
1080.99,0.000378653
1080.986,0.00036956
1080.982,0.000365544
1080.978,0.000354111
1080.974,0.000368217
1080.97,0.000364419
1080.966,0.000363201
1080.962,0.00036321
1080.958,0.00036871
1080.954,0.000366778
1080.95,0.000360048
1080.946,0.000353776
1080.942,0.000370807
1080.938,0.00034972
1080.934,0.000356441
1080.93,0.000351825
1080.926,0.000347145
1080.922,0.000338718
1080.918,0.000334264
1080.914,0.00033874
1080.91,0.000327196
1080.906,0.000327268
1080.902,0.000328723
1080.898,0.000329952
1080.894,0.000317206
1080.89,0.000320361
1080.886,0.00032641
1080.882,0.000322895
1080.878,0.00031472
1080.874,0.000303406
1080.87,0.00031898
1080.866,0.000307937
1080.862,0.00030408
1080.858,0.000311755
1080.854,0.00031143
1080.85,0.00030596
1080.846,0.000293563
1080.842,0.000286348
1080.838,0.000293588
1080.834,0.000298347
1080.83,0.000288934
1080.826,0.000279371
1080.822,0.000287887
1080.818,0.00027399
1080.814,0.000276348
1080.81,0.000278759
1080.806,0.000281254
1080.802,0.000266477
1080.798,0.000284015
1080.794,0.00028104
1080.79,0.000278
1080.786,0.000282201
1080.782,0.000271628
1080.778,0.000255196
1080.774,0.000267537
1080.77,0.000267768
1080.766,0.000264698
1080.762,0.000258365
1080.758,0.000260344
1080.754,0.0002632
1080.75,0.000244988
1080.746,0.00024876
1080.742,0.000242578
1080.738,0.000251778
1080.734,0.000235868
1080.73,0.000240536
1080.726,0.000240481
1080.722,0.000247905
1080.718,0.000249047
1080.714,0.000234293
1080.71,0.000240185
1080.706,0.000239427
1080.702,0.000246426
1080.698,0.000241072
1080.694,0.000223441
1080.69,0.00023556
1080.686,0.000228008
1080.682,0.000229236
1080.678,0.000232301
1080.674,0.0002173
1080.67,0.000223159
1080.666,0.000205626
1080.662,0.00022371
1080.658,0.00022141
1080.654,0.00021452
1080.65,0.00022145
1080.646,0.000213175
1080.642,0.000210744
1080.638,0.000210398
1080.634,0.00022005
1080.63,0.000215181
1080.626,0.000217268
1080.622,0.000212328
1080.618,0.000221253
1080.614,0.000219211
1080.61,0.000209045
1080.606,0.000204612
1080.602,0.000201452
1080.598,0.00020663
1080.594,0.000205459
1080.59,0.000200765
1080.586,0.00020106
1080.582,0.000188268
1080.578,0.000186933
1080.574,0.000193458
1080.57,0.0001968
1080.566,0.000189996
1080.562,0.000179896
1080.558,0.00019667
1080.554,0.000188558
1080.55,0.000188895
1080.546,0.000190941
1080.542,0.000175557
1080.538,0.000186248
1080.534,0.000180649
1080.53,0.000188327
1080.526,0.000183716
1080.522,0.00018532
1080.518,0.000173467
1080.514,0.000179699
1080.51,0.000171096
1080.506,0.000184874
1080.502,0.0001663
1080.498,0.000156287
1080.494,0.000169072
1080.49,0.000165338
1080.486,0.000172853
1080.482,0.000161974
1080.478,0.000177432
1080.474,0.000163894
1080.47,0.000175681
1080.466,0.000170952
1080.462,0.000162551
1080.458,0.00017864
1080.454,0.00016473
1080.45,0.00016601
1080.446,0.000157367
1080.442,0.000156822
1080.438,0.000154208
1080.434,0.000150957
1080.43,0.000167374
1080.426,0.000157684
1080.422,0.000145654
1080.418,0.000144418
1080.414,0.000152523
1080.41,0.00014797
1080.406,0.000139583
1080.402,0.00014846
1080.398,0.000156433
1080.394,0.000154287
1080.39,0.000138715
1080.386,0.000150449
1080.382,0.000156105
1080.378,0.000148863
1080.374,0.000158222
1080.37,0.000137389
1080.366,0.00014958
1080.362,0.000149473
1080.358,0.000139587
1080.354,0.000138085
1080.35,0.000146743
1080.346,0.00013808
1080.342,0.00013782
1080.338,0.000136953
1080.334,0.00012807
1080.33,0.000131349
1080.326,0.00013336
1080.322,0.000138286
1080.318,0.00013526
1080.314,0.000139044
1080.31,0.000136364
1080.306,0.000127142
1080.302,0.000138552
1080.298,0.000134592
1080.294,0.000133447
1080.29,0.000125463
1080.286,0.000139359
1080.282,0.000131205
1080.278,0.000121737
1080.274,0.000111838
1080.27,0.000108711
1080.266,0.000128547
1080.262,0.000121099
1080.258,0.000131921
1080.254,0.000120431
1080.25,0.000116666
1080.246,0.000116448
1080.242,0.000120749
1080.238,0.000118716
1080.234,0.000122426
1080.23,0.000117322
1080.226,0.000129527
1080.222,0.000121808
1080.218,0.000118511
1080.214,0.000119895
1080.21,0.00011029
1080.206,0.000126302
1080.202,0.00012088
1080.198,0.000109113
1080.194,0.00010899
1080.19,0.00010429
1080.186,0.00011282
1080.182,0.000115712
1080.178,0.000114161
1080.174,0.000102759
1080.17,0.000110857
1080.166,0.000101878
1080.162,0.00012193
1080.158,0.000106229
1080.154,0.000103606
1080.15,0.000124362
1080.146,0.00010791
1080.142,0.000102382
1080.138,0.000111145
1080.134,0.000108568
1080.13,0.000101627
1080.126,0.000088711
1080.122,0.000105073
1080.118,0.000104021
1080.114,0.00010013
1080.11,0.000092838
1080.106,0.000100111
1080.102,0.000097255
1080.098,0.000099197
1080.094,0.000093739
1080.09,0.000108427
1080.086,0.000096171
1080.082,0.000088352
1080.078,0.000101974
1080.074,0.000096689
1080.07,0.000087866
1080.066,0.00009787
1080.062,0.000096934
1080.058,0.000086451
1080.054,0.000099219
1080.05,0.00009313
1080.046,0.0000938
1080.042,0.000086581
1080.038,0.00009334
1080.034,0.000102292
1080.03,0.000077679
1080.026,0.000080019
1080.022,0.000095725
1080.018,0.00010108
1080.014,0.000080043
1080.01,0.000083013
1080.006,0.000090614
1080.002,0.0000788
1079.998,0.000086918
1079.994,0.000090714
1079.99,0.000084131
1079.986,0.0001031
1079.982,0.000085091
1079.978,0.000097071
1079.974,0.000095149
1079.97,0.00008656
1079.966,0.0001031
1079.962,0.00008875
1079.958,0.00007909
1079.954,0.00008167
1079.95,0.000083827
1079.946,0.000070284
1079.942,0.000086078
1079.938,0.000086418
1079.934,0.000084318
1079.93,0.00008321
1079.926,0.000087883
1079.922,0.000072187
1079.918,0.000075604
1079.914,0.0000675
1079.91,0.000082922
1079.906,0.00007798
1079.902,0.00007334
1079.898,0.000078026
1079.894,0.00008778
1079.89,0.00007693
1079.886,0.000081993
1079.882,0.000066006
1079.878,0.000073954
1079.874,0.000072671
1079.87,0.000066091
1079.866,0.00006543
1079.862,0.000077458
1079.858,0.000077238
1079.854,0.000069147
1079.85,0.00006689
1079.846,0.000072653
1079.842,0.000070486
1079.838,0.00007307
1079.834,0.000077
1079.83,0.00007626
1079.826,0.000078063
1079.822,0.000078044
1079.818,0.000079861
1079.814,0.00006681
1079.81,0.000071159
1079.806,0.000072653
1079.802,0.000074365
1079.798,0.000074781
1079.794,0.000062179
1079.79,0.000062501
1079.786,0.000063792
1079.782,0.000054915
1079.778,0.000063414
1079.774,0.000066375
1079.77,0.000067027
1079.766,0.000073325
1079.762,0.000057008
1079.758,0.00007215
1079.754,0.000070663
1079.75,0.000076079
1079.746,0.000076616
1079.742,0.000074421
1079.738,0.000061054
1079.734,0.000058947
1079.73,0.000062756
1079.726,0.000061378
1079.722,0.00005819
1079.718,0.000070112
1079.714,0.000062965
1079.71,0.000052853
1079.706,0.000056755
1079.702,0.000056189
1079.698,0.000060736
1079.694,0.00005725
1079.69,0.000060003
1079.686,0.000054841
1079.682,0.00006152
1079.678,0.000055039
1079.674,0.000063161
1079.67,0.0000559
1079.666,0.000058741
1079.662,0.000070853
1079.658,0.000066123
1079.654,0.000055997
1079.65,0.000057701
1079.646,0.000057877
1079.642,0.000046428
1079.638,0.0000548
1079.634,0.000052966
1079.63,0.000055538
1079.626,0.000058475
1079.622,0.000061297
1079.618,0.000047194
1079.614,0.000058585
1079.61,0.000048445
1079.606,0.000049483
1079.602,0.000055624
1079.598,0.000063919
1079.594,0.000049262
1079.59,0.00005436
1079.586,0.000048709
1079.582,0.000058356
1079.578,0.000062176
1079.574,0.00006051
1079.57,0.000049976
1079.566,0.000064305
1079.562,0.000063042
1079.558,0.000036968
1079.554,0.000045855
1079.55,0.000054621
1079.546,0.000048326
1079.542,0.000054493
1079.538,0.000053341
1079.534,0.000048157
1079.53,0.0000469
1079.526,0.000048841
1079.522,0.00005318
1079.518,0.000048987
1079.514,0.000045161
1079.51,0.000058101
1079.506,0.000057941
1079.502,0.000046623
1079.498,0.000052862
1079.494,0.000045578
1079.49,0.000055458
1079.486,0.000050513
1079.482,0.000056548
1079.478,0.000045532
1079.474,0.000042201
1079.47,0.000027945
1079.466,0.000046759
1079.462,0.000053363
1079.458,0.00004382
1079.454,0.000055168
1079.45,0.00004437
1079.446,0.000047664
1079.442,0.000058692
1079.438,0.000046851
1079.434,0.000052383
1079.43,0.000053907
1079.426,0.000036795
1079.422,0.000052311
1079.418,0.000053517
1079.414,0.000041941
1079.41,0.000049019
1079.406,0.000047159
1079.402,0.000046411
1079.398,0.000051918
1079.394,0.000041136
1079.39,0.000043303
1079.386,0.00004757
1079.382,0.000039813
1079.378,0.000054251
1079.374,0.000023581
1079.37,0.000036003
1079.366,0.000037198
1079.362,0.00004945
1079.358,0.000049526
1079.354,0.000037919
1079.35,0.000040861
1079.346,0.000038198
1079.342,0.000034047
1079.338,0.000048737
1079.334,0.000047148
1079.33,0.000043015
1079.326,0.000045662
1079.322,0.000038485
1079.318,0.00003984
1079.314,0.000039738
1079.31,0.000044771
1079.306,0.000040193
1079.302,0.000045509
1079.298,0.000031046
1079.294,0.000046836
1079.29,0.00004109
1079.286,0.000033975
1079.282,0.000039287
1079.278,0.000045323
1079.274,0.000043124
1079.27,0.00005037
1079.266,0.000036234
1079.262,0.000047329
1079.258,0.000035237
1079.254,0.00003679
1079.25,0.00002569
1079.246,0.000046256
1079.242,0.000040173
1079.238,0.000037024
1079.234,0.000042173
1079.23,0.000036917
1079.226,0.000046656
1079.222,0.000035905
1079.218,0.000031784
1079.214,0.000053051
1079.21,0.000037071
1079.206,0.000034355
1079.202,0.000028856
1079.198,0.000033076
1079.194,0.000043
1079.19,0.000048511
1079.186,0.000035242
1079.182,0.00002985
1079.178,0.000028363
1079.174,0.000041591
1079.17,0.000039819
1079.166,0.000047124
1079.162,0.000040918
1079.158,0.00002038
1079.154,0.000040538
1079.15,0.000033269
1079.146,0.000033414
1079.142,0.000025741
1079.138,0.00002458
1079.134,0.000034276
1079.13,0.000037793
1079.126,0.000031593
1079.122,0.000031421
1079.118,0.000035844
1079.114,0.00004463
1079.11,0.000027532
1079.106,0.000040512
1079.102,0.000036108
1079.098,0.000040436
1079.094,0.000035003
1079.09,0.000014974
1079.086,0.000026136
1079.082,0.00002909
1079.078,0.000034015
1079.074,0.000031271
1079.07,0.000032178
1079.066,0.000029297
1079.062,0.000035196
1079.058,0.00004243
1079.054,0.000028978
1079.05,0.000034606
1079.046,0.000030741
1079.042,0.00002536
1079.038,0.0000249
1079.034,0.000032696
1079.03,0.000039993
1079.026,0.000030281
1079.022,0.000032349
1079.018,0.000037724
1079.014,0.000028338
1079.01,0.000031584
1079.006,0.000036863
1079.002,0.000038584
1078.998,0.00002242
1078.994,0.000031156
1078.99,0.000029221
1078.986,0.000027644
1078.982,0.00003658
1078.978,0.000021649
1078.974,0.000029938
1078.97,0.000030126
1078.966,0.00002894
1078.962,0.00002058
1078.958,0.000031417
1078.954,0.000015311
1078.95,0.000019835
1078.946,0.000029895
1078.942,0.000033694
1078.938,0.000025819
1078.934,0.000030266
1078.93,0.000040325
1078.926,0.00002696
1078.922,0.000029135
1078.918,0.00002635
1078.914,0.0000299
1078.91,0.000020811
1078.906,0.000011012
1078.902,0.000027792
1078.898,0.000021798
1078.894,0.00002558
1078.89,0.000029805
1078.886,0.000027837
1078.882,0.000028909
1078.878,0.000021637
1078.874,0.0000218
1078.87,0.0000232
1078.866,0.0000355
1078.862,0.00001085
1078.858,0.000022674
1078.854,0.000040461
1078.85,0.000027401
1078.846,0.00002497
1078.842,0.000029579
1078.838,0.000029949
1078.834,0.000022493
1078.83,0.000025483
1078.826,0.000020721
1078.822,0.000036847
1078.818,0.000024234
1078.814,0.000034485
1078.81,0.000035567
1078.806,0.00002501
1078.802,0.000015936
1078.798,0.00003168
1078.794,0.0000225
1078.79,0.00002667
1078.786,0.000033169
1078.782,0.000018082
1078.778,0.000014121
1078.774,0.0000269
1078.77,0.000018012
1078.766,0.000024715
1078.762,0.00002944
1078.758,0.000025039
1078.754,0.000021659
1078.75,0.000016943
1078.746,0.000025604
1078.742,0.000027061
1078.738,0.000025285
1078.734,0.000027285
1078.73,0.000015545
1078.726,0.00002368
1078.722,0.0000186
1078.718,0.000019743
1078.714,0.000020683
1078.71,0.000030153
1078.706,0.000033358
1078.702,0.000031445
1078.698,0.000016906
1078.694,0.000027699
1078.69,0.000021294
1078.686,0.00002366
1078.682,0.000024993
1078.678,0.000025815
1078.674,0.000021276
1078.67,0.000022272
1078.666,0.00002601
1078.662,0.00001315
1078.658,0.000024871
1078.654,0.000020162
1078.65,0.000023201
1078.646,0.000017434
1078.642,0.000021606
1078.638,0.00002052
1078.634,0.000024995
1078.63,0.000028525
1078.626,0.000027125
1078.622,0.000025917
1078.618,0.000021884
1078.614,0.000021267
1078.61,0.000017161
1078.606,0.00003156
1078.602,0.00001379
1078.598,0.000013948
1078.594,0.00002612
1078.59,0.000025798
1078.586,0.000018739
1078.582,0.000022443
1078.578,0.000022315
1078.574,0.000029453
1078.57,0.000011354
1078.566,0.000020554
1078.562,0.000020124
1078.558,0.000023008
1078.554,0.000015151
1078.55,0.00002141
1078.546,0.000020011
1078.542,0.000010162
1078.538,0.00002592
1078.534,0.000020984
1078.53,0.000022914
1078.526,0.000010904
1078.522,0.000017429
1078.518,0.000022889
1078.514,0.000023563
1078.51,0.000023969
1078.506,0.000022044
1078.502,0.000007798
1078.498,0.000025291
1078.494,0.000014313
1078.49,0.000020888
1078.486,0.000019952
1078.482,0.000016229
1078.478,0.000018251
1078.474,0.000017331
1078.47,0.000021877
1078.466,0.000021015
1078.462,0.000022153
1078.458,0.000017261
1078.454,0.000035876
1078.45,0.00002501
1078.446,0.000011171
1078.442,0.000011064
1078.438,0.000015045
1078.434,0.00001291
1078.43,0.000015645
1078.426,0.000014466
1078.422,0.000017356
1078.418,0.000018794
1078.414,0.00002033
1078.41,0.000028574
1078.406,0.000018166
1078.402,0.000021961
1078.398,0.000022609
1078.394,0.000017691
1078.39,0.000016643
1078.386,0.000022202
1078.382,0.000020231
1078.378,0.000019242
1078.374,0.000020577
1078.37,0.000014741
1078.366,0.00001541
1078.362,0.000025552
1078.358,0.000026844
1078.354,0.000021918
1078.35,0.000009914
1078.346,0.000017906
1078.342,0.00001576
1078.338,0.000024174
1078.334,0.000016978
1078.33,0.000015313
1078.326,0.000009653
1078.322,0.000027851
1078.318,0.000018198
1078.314,0.000014265
1078.31,0.000016931
1078.306,0.000021616
1078.302,0.00002071
1078.298,0.000011288
1078.294,0.000009261
1078.29,0.00001817
1078.286,0.000010148
1078.282,0.000016366
1078.278,0.000017915
1078.274,0.000011178
1078.27,0.000010951
1078.266,0.000016421
1078.262,0.000025501
1078.258,0.00001224
1078.254,0.00001895
1078.25,0.000018617
1078.246,0.000011935
1078.242,0.000008075
1078.238,0.000014006
1078.234,0.0000183
1078.23,0.000007581
1078.226,0.000012687
1078.222,0.000017986
1078.218,0.000014524
1078.214,0.0000217
1078.21,0.000018896
1078.206,0.00001145
1078.202,0.000011657
1078.198,0.000011142
1078.194,0.00001095
1078.19,0.0000218
1078.186,0.000015504
1078.182,0.000014406
1078.178,0.000019255
1078.174,0.000014209
1078.17,0.000006196
1078.166,0.000030778
1078.162,0.000009829
1078.158,0.000019635
1078.154,0.00000549
1078.15,0.00001507
1078.146,0.000012637
1078.142,0.000021521
1078.138,0.000021971
1078.134,0.000015247
1078.13,0.000013875
1078.126,0.00002497
1078.122,0.000009607
1078.118,0.000017612
1078.114,0.000012883
1078.11,0.000018052
1078.106,0.000008723
1078.102,0.00001268
1078.098,0.000012239
1078.094,0.000011647
1078.09,0.000014045
1078.086,0.000010977
1078.082,0.00001487
1078.078,0.000019428
1078.074,0.000004875
1078.07,0.000023485
1078.066,0.000017503
1078.062,0.000018087
1078.058,0.000017732
1078.054,0.000019401
1078.05,0.00001582
1078.046,0.00001188
1078.042,0.000011268
1078.038,0.000016786
1078.034,0.00002063
1078.03,0.00000682
1078.026,0.000013376
1078.022,0.000016761
1078.018,0.000011097
1078.014,0.000013146
1078.01,0.000007487
1078.006,0.000007731
1078.002,0.000021366
1077.998,0.000009108
1077.994,0.000011746
1077.99,0.00001079
1077.986,0.000012433
1077.982,0.000012041
1077.978,0.00001025
1077.974,0.000015062
1077.97,0.000010034
1077.966,0.00002006
1077.962,0.000017773
1077.958,0.000016159
1077.954,0.000025849
1077.95,0.000004465
1077.946,0.000010801
1077.942,0.00001051
1077.938,0.000003162
1077.934,0.000011493
1077.93,0.000010063
1077.926,0.000021017
1077.922,0.000010002
1077.918,0.000017658
1077.914,0.00001797
1077.91,0.00000983
1077.906,0.000013683
1077.902,0.000015028
1077.898,0.000004117
1077.894,0.000006207
1077.89,0.000017159
1077.886,0.000025547
1077.882,0.000018032
1077.878,0.00000998
1077.874,0.00001302
1077.87,0.000013502
1077.866,0.000016811
1077.862,0.000008641
1077.858,0.000005655
1077.854,0.000012
1077.85,0.000014544
1077.846,0.000008785
1077.842,0.000010706
1077.838,0.000016571
1077.834,0.000013457
1077.83,0.000011132
1077.826,0.000022262
1077.822,0.000022163
1077.818,0.000013573
1077.814,0.000017273
1077.81,0.000011621
1077.806,0.000015867
1077.802,0.00000975
1077.798,0.000004224
1077.794,0.000014006
1077.79,0.000010074
1077.786,0.000020858
1077.782,0.000012444
1077.778,0.0000078
1077.774,0.000013634
1077.77,0.000015935
1077.766,0.000020796
1077.762,0.000014206
1077.758,0.000011114
1077.754,0.00000931
1077.75,0.000011279
1077.746,0.000013983
1077.742,0.000013361
1077.738,0.000010931
1077.734,0.000013566
1077.73,0.000007064
1077.726,0.0000207
1077.722,0.000015038
1077.718,0.00001176
1077.714,0.000016163
1077.71,0.000010527
1077.706,0.00001821
1077.702,0.000013211
1077.698,0.000008725
1077.694,0.000002094
1077.69,8.90E-07
1077.686,0.000011567
1077.682,0.000011965
1077.678,0.000012053
1077.674,0.000013198
1077.67,0.000010816
1077.666,0.000004549
1077.662,0.000016586
1077.658,0.000008841
1077.654,0.000009562
1077.65,0.000011594
1077.646,0.000005551
1077.642,0.000011369
1077.638,0.000018609
1077.634,0.00001645
1077.63,0.00001032
1077.626,0.000013323
1077.622,0.000010875
1077.618,0.000009554
1077.614,0.000003525
1077.61,0.000013688
1077.606,0.000007697
1077.602,0.00002215
1077.598,0.00000848
1077.594,0.000014938
1077.59,0.000008496
1077.586,0.000007393
1077.582,0.000001228
1077.578,0.000011961
1077.574,0.000010355
1077.57,0.000011109
1077.566,0.000005378
1077.562,0.000017384
1077.558,0.000007536
1077.554,0.000008699
1077.55,0.000010659
1077.546,0.000010558
1077.542,0.00002202
1077.538,0.000007377
1077.534,0.000008694
1077.53,0.000004173
1077.526,0.000009128
1077.522,0.000012518
1077.518,0.00001152
1077.514,0.000007873
1077.51,0.000005792
1077.506,0.000007978
1077.502,0.000013052
1077.498,0.000019148
1077.494,0.00001554
1077.49,0.000008113
1077.486,0.000010991
1077.482,0.000012453
1077.478,0.000011489
1077.474,0.000010524
1077.47,0.000007761
1077.466,0.000008489
1077.462,0
1077.458,0.000004946
1077.454,0.000007216
1077.45,0.000017051
1077.446,0.000005077
1077.442,0.00001827
1077.438,0.00000631
1077.434,0.000011523
1077.43,0.0000138
1077.426,0.000008106
1077.422,0.00000952
1077.418,0.00000855
1077.414,0.000010239
1077.41,0.00000882
1077.406,0.000006128
1077.402,0.000010134
1077.398,0.00000472
1077.394,0.000014226
1077.39,0.000002895
1077.386,0.000009905
1077.382,0.000009302
1077.378,0.0000079
1077.374,0.00001712
1077.37,0.000013437
1077.366,0.000011725
1077.362,0.000012529
1077.358,0.000010267
1077.354,0.000005998
1077.35,0.000016507
1077.346,0.00001799
1077.342,0.00001311
1077.338,0.000003225
1077.334,0.000011501
1077.33,0.000015307
1077.326,0.000006587
1077.322,0.000006675
1077.318,0.000013697
1077.314,0.000008346
1077.31,0.000013915
1077.306,0.000008212
1077.302,0.0000061
1077.298,0.00000842
1077.294,0.000008888
1077.29,0.000016172
1077.286,0.000003392
1077.282,0.000013761
1077.278,0.000003531
1077.274,0.00000826
1077.27,0.000008592
1077.266,0.000014254
1077.262,0.00000936
1077.258,0.00000649
1077.254,0.0000151
1077.25,0.000013706
1077.246,0.000008023
1077.242,0.00000467
1077.238,0.000007791
1077.234,0.00001006
1077.23,0.000006792
1077.226,0.00001019
1077.222,0.000009189
1077.218,0.000008063
1077.214,0.00000461
1077.21,0.000015791
1077.206,0.000008947
1077.202,0.000009772
1077.198,0.000014228
1077.194,0.000004428
1077.19,0.000012305
1077.186,0.000010796
1077.182,0.000003828
1077.178,0.000004396
1077.174,0.000005102
1077.17,0.000011335
1077.166,0.000005835
1077.162,0.00001147
1077.158,0.00000377
1077.154,0.000007871
1077.15,0.000003232
1077.146,0.000019496
1077.142,0.000011054
1077.138,0.000005688
1077.134,0.000003115
1077.13,0.000011628
1077.126,0.000010285
1077.122,0.000010177
1077.118,0.000007585
1077.114,0.0000141
1077.11,0.000005509
1077.106,0.000007744
1077.102,0.000008147
1077.098,0.00000604
1077.094,0.000007966
1077.09,0.0000093
1077.086,0.000019592
1077.082,0.000014456
1077.078,9.62E-07
1077.074,0.000008512
1077.07,0.000006661
1077.066,0.000008912
1077.062,0.000011435
1077.058,0.000002208
1077.054,0.000006246
1077.05,0.000003628
1077.046,0.000007395
1077.042,0.000007613
1077.038,0.000008927
1077.034,0.000012581
1077.03,0.000022807
1077.026,0.000009079
1077.022,0.000005805
1077.018,0.000006359
1077.014,0.000011473
1077.01,0.000009068
1077.006,0.00000541
1077.002,0.0000085
1076.998,0.000011741
1076.994,0.000014368
1076.99,0.000004565
1076.986,0.000013881
1076.982,0.000018254
1076.978,0.000011052
1076.974,0.000003599
1076.97,0.000009008
1076.966,0.00001318
1076.962,0.00000196
1076.958,0.000006936
1076.954,0.000008377
1076.95,0.000002456
1076.946,0.000013552
1076.942,0.000012659
1076.938,0.000004596
1076.934,0.00000454
1076.93,0.000013332
1076.926,0.000017173
1076.922,0.00001284
1076.918,0.000005429
1076.914,0.000005266
1076.91,0.000005095
1076.906,0.000011715
1076.902,0.000005492
1076.898,0.00000434
1076.894,0.000008266
1076.89,0.0000157
1076.886,0.00000357
1076.882,0.000011267
1076.878,0.00000803
1076.874,0.000008236
1076.87,0.000009492
1076.866,0.00000684
1076.862,0.00001348
1076.858,0.000007
1076.854,0.000010268
1076.85,0.000009789
1076.846,0.000005916
1076.842,0.000005841
1076.838,0.000006465
1076.834,0.000005923
1076.83,0.000008546
1076.826,0
1076.822,0.000007866
1076.818,0.000004692
1076.814,0.000006651
1076.81,0.0000097
1076.806,0.000006446
1076.802,0.000006652
1076.798,0.000017673
1076.794,0.000009238
1076.79,0.000005709
1076.786,0.000016126
1076.782,0.000015243
1076.778,0.000006378
1076.774,0.000005016
1076.77,0.000002689
1076.766,0.000003772
1076.762,0.000011434
1076.758,0.00000343
1076.754,0.000005578
1076.75,0.000006241
1076.746,0.000006032
1076.742,0.00001068
1076.738,0.000008838
1076.734,0.000007002
1076.73,0.000012178
1076.726,0.00000619
1076.722,0.000008406
1076.718,0.00000101
1076.714,0.000005553
1076.71,0.000009051
1076.706,0.000014743
1076.702,0.000009753
1076.698,0.00001009
1076.694,0.000010942
1076.69,0.000008794
1076.686,0.000002489
1076.682,0.000009727
1076.678,0.00001376
1076.674,0.000010094
1076.67,0.000003476
1076.666,0.000012617
1076.662,0.0000094
1076.658,2.90E-07
1076.654,0.000007628
1076.65,0.000011993
1076.646,0.000009603
1076.642,0.00000788
1076.638,0.000006325
1076.634,0.000004
1076.63,0.000010822
1076.626,0.000004093
1076.622,0.000007495
1076.618,0.000006305
1076.614,0.000005205
1076.61,0.00000499
1076.606,0.000012687
1076.602,0.000004734
1076.598,0.00001429
1076.594,0.00000663
1076.59,0.000003343
1076.586,0.000009407
1076.582,0.000006859
1076.578,0.000015644
1076.574,0.000010155
1076.57,0.000014794
1076.566,0.000007045
1076.562,0.000003614
1076.558,0.000011838
1076.554,0.000007162
1076.55,0.000004266
1076.546,0.00000418
1076.542,0.000015404
1076.538,0.000006133
1076.534,0.000004937
1076.53,0.00001159
1076.526,0.000010092
1076.522,0.000018197
1076.518,0.000010602
1076.514,0.000006655
1076.51,0.000006079
1076.506,0.00001483
1076.502,0.000002536
1076.498,0.000005288
1076.494,0.00001452
1076.49,0.000005772
1076.486,0.000001705
1076.482,0.00000479
1076.478,0.000002957
1076.474,0.000008281
1076.47,0.000007673
1076.466,0.000008679
1076.462,0.000009425
1076.458,0.000001413
1076.454,0
1076.45,0.000005426
1076.446,0.000001098
1076.442,0.000006995
1076.438,0.00000318
1076.434,0.00000336
1076.43,0.00000776
1076.426,0.000006216
1076.422,0.00000178
1076.418,0.000006358
1076.414,0.000006818
1076.41,0.000014661
1076.406,0.000014129
1076.402,0.000007378
1076.398,0.000010494
1076.394,0.000010904
1076.39,0
1076.386,0.000004504
1076.382,0.000006601
1076.378,0.00000364
1076.374,0.000003186
1076.37,0.000003622
1076.366,0.000006068
1076.362,0.000005818
1076.358,0.000001315
1076.354,0.000005834
1076.35,0.00001742
1076.346,0.000004322
1076.342,0.000005791
1076.338,0.000010203
1076.334,0.000006104
1076.33,0.000006576
1076.326,0.000011463
1076.322,0.000007029
1076.318,0.000003704
1076.314,0.000010425
1076.31,0.000010193
1076.306,5.45E-07
1076.302,0.000010939
1076.298,0.000007872
1076.294,0.000020195
1076.29,0.00000648
1076.286,0.000004532
1076.282,0.00000392
1076.278,1.14E-07
1076.274,0.000010499
1076.27,0.000001828
1076.266,9.96E-07
1076.262,0.000009627
1076.258,0.000005064
1076.254,0.000010218
1076.25,0.00000572
1076.246,0.00000915
1076.242,0.0000141
1076.238,0.000006085
1076.234,0.000013417
1076.23,9.99E-07
1076.226,0.000004386
1076.222,0.000011408
1076.218,0.000002229
1076.214,0.000010989
1076.21,0.000002313
1076.206,0.000006095
1076.202,0.000006384
1076.198,0.000004132
1076.194,0.000002848
1076.19,0.000008588
1076.186,0.000012636
1076.182,0.000002564
1076.178,0.000008014
1076.174,0.000005405
1076.17,0.000010561
1076.166,0.000009141
1076.162,0.000001575
1076.158,0.000009233
1076.154,0.00001745
1076.15,0.000001678
1076.146,0.000007473
1076.142,0.000020704
1076.138,0.000007879
1076.134,1.95E-07
1076.13,0.000011406
1076.126,0.000007217
1076.122,0.000004251
1076.118,0.000015975
1076.114,0.000005538
1076.11,0.000012158
1076.106,0.000001215
1076.102,0.000010663
1076.098,3.81E-07
1076.094,0.000006761
1076.09,0.000003735
1076.086,0.000007028
1076.082,0.000004281
1076.078,0.000004782
1076.074,0.000017
1076.07,0.000013234
1076.066,0.000011949
1076.062,0.000003183
1076.058,0.000005729
1076.054,0.000009807
1076.05,0.000004887
1076.046,9.80E-08
1076.042,0.00000625
1076.038,0.00001202
1076.034,0.00000625
1076.03,0.000005602
1076.026,0.000019958
1076.022,0.000005725
1076.018,0.000013863
1076.014,0.000009127
1076.01,0.000008215
1076.006,0.000014817
1076.002,8.24E-07
1075.998,0.00000637
1075.994,0.000002888
1075.99,0.00000554
1075.986,0.00000336
1075.982,0.000010192
1075.978,0.000007008
1075.974,0.000010125
1075.97,0.000011468
1075.966,0.000001391
1075.962,0.000010737
1075.958,0.000005835
1075.954,0.0000111
1075.95,0.000009936
1075.946,0.000008705
1075.942,0.000006832
1075.938,0.000012031
1075.934,0.000005226
1075.93,0.000004759
1075.926,0.000005621
1075.922,0.000005484
1075.918,0.000006834
1075.914,0.000008955
1075.91,0.000006294
1075.906,0.00000301
1075.902,0.00001324
1075.898,0.000005722
1075.894,0.000013944
1075.89,0.000013614
1075.886,0.0000063
1075.882,0.000001329
1075.878,0.000009352
1075.874,0.000008992
1075.87,0.000003688
1075.866,0.000007951
1075.862,6.92E-07
1075.858,0.000004839
1075.854,0.000004075
1075.85,0.000005428
1075.846,0.000009064
1075.842,0.000008633
1075.838,0.000003332
1075.834,0.000005873
1075.83,0.000004841
1075.826,0.00000435
1075.822,0.000001286
1075.818,0.00000812
1075.814,0.000008998
1075.81,0.000011765
1075.806,0.000006707
1075.802,0.000012014
1075.798,0.000012393
1075.794,0.000001384
1075.79,0.000001126
1075.786,0.000008596
1075.782,0.000005917
1075.778,0.000005186
1075.774,0.000007473
1075.77,0.000003997
1075.766,0.00000529
1075.762,0.000002064
1075.758,0.000007774
1075.754,0.00000321
1075.75,0.000008127
1075.746,0.000011756
1075.742,0.000001784
1075.738,0.000007258
1075.734,0.0000151
1075.73,9.87E-07
1075.726,0.000016937
1075.722,0.00000255
1075.718,0.000005328
1075.714,0.000003289
1075.71,0.000002711
1075.706,0.000008589
1075.702,0.000020055
1075.698,0.000007576
1075.694,0.000083012
1075.69,0.00000744
1075.686,0.00000376
1075.682,0.000012677
1075.678,0.00001046
1075.674,0.000014329
1075.67,0.000010617
1075.666,0.000010811
1075.662,0.000008752
1075.658,0.000004312
1075.654,0.000001515
1075.65,0.00001315
1075.646,0.000006311
1075.642,0
1075.638,0.000004379
1075.634,0.000008791
1075.63,0.000005702
1075.626,0.000005483
1075.622,0.000003602
1075.618,0.000010754
1075.614,0.000010771
1075.61,0.000006467
1075.606,0.000004593
1075.602,0.000010999
1075.598,0.00000561
1075.594,0.000008166
1075.59,0.000010084
1075.586,0.000005567
1075.582,0.000004304
1075.578,0.000008808
1075.574,0.000003077
1075.57,0.000009195
1075.566,0.000009269
1075.562,0.000010726
1075.558,0.000004638
1075.554,0.00000468
1075.55,0.000002746
1075.546,0.000007546
1075.542,0.00000637
1075.538,0.000007979
1075.534,0.000005192
1075.53,0.000006175
1075.526,0.00000309
1075.522,0.000004296
1075.518,5.02E-07
1075.514,0.000009778
1075.51,4.00E-07
1075.506,0.000004811
1075.502,0.000010728
1075.498,0.00000435
1075.494,0.000004337
1075.49,0.000002189
1075.486,0.000005071
1075.482,0.000008306
1075.478,0.000005568
1075.474,0.000002269
1075.47,0.00000673
1075.466,0.00000212
1075.462,8.76E-07
1075.458,0.000001227
1075.454,0.000001851
1075.45,0.000013735
1075.446,0.00000997
1075.442,0.000004904
1075.438,0.00001562
1075.434,0.000005216
1075.43,0.0000044
1075.426,0.000010664
1075.422,0.000008432
1075.418,0.000005867
1075.414,0.000002256
1075.41,0.000002376
1075.406,0.000003902
1075.402,0.00000565
1075.398,0.000021886
1075.394,0.000007346
1075.39,0.000004487
1075.386,0.000003962
1075.382,0.000012304
1075.378,0.000007741
1075.374,0.000005774
1075.37,0.000001335
1075.366,3.66E-07
1075.362,0.000007211
1075.358,5.36E-08
1075.354,0.000008003
1075.35,0.000002308
1075.346,0.00000434
1075.342,0.000005729
1075.338,0.000003309
1075.334,0.000005221
1075.33,0.000010934
1075.326,0.000004036
1075.322,1.40E-07
1075.318,0.000002678
1075.314,0.00000249
1075.31,2.53E-07
1075.306,0.000006482
1075.302,0.000004625
1075.298,0.000006197
1075.294,0.000003815
1075.29,0.000001569
1075.286,0.00001221
1075.282,0.000002861
1075.278,0.000012903
1075.274,0.000005987
1075.27,0.000010061
1075.266,0.0000041
1075.262,0.000009238
1075.258,0.000008897
1075.254,0.000005554
1075.25,0.000011259
1075.246,0.000009821
1075.242,0.000003656
1075.238,0.000002889
1075.234,0.00000469
1075.23,0.00000891
1075.226,0.000014838
1075.222,0.000005173
1075.218,0.000007316
1075.214,0.00000677
1075.21,0.000007457